URN,Label,PlateID,rlat,rlon,Symbol,Size,Azimuth,Time,Time,Border Color,Fill Color,alpha
27663,Gypsum,0,10.54,34.78,triangle,1,0,100,100,black,yellow,1
27695,Gypsum,0,21.06,-48.21,triangle,1,0,100,100,black,yellow,1
27696,Gypsum,0,19.71,-47.17,triangle,1,0,100,100,black,yellow,1
27697,Gypsum,0,21.33,-47.56,triangle,1,0,100,100,black,yellow,1
27700,Gypsum,0,20.45,-47.77,triangle,1,0,100,100,black,yellow,1
27701,Gypsum,0,21.84,-47.04,triangle,1,0,100,100,black,yellow,1
27702,Gypsum,0,22.21,-46.85,triangle,1,0,100,100,black,yellow,1
27710,Gypsum,0,24.08,-47.94,triangle,1,0,100,100,black,yellow,1
27824,Gypsum,0,6.41,28.41,triangle,1,0,100,100,black,yellow,1
27825,Gypsum,0,5.88,28.44,triangle,1,0,100,100,black,yellow,1
27849,Gypsum,0,-43.85,32.65,triangle,1,0,100,100,black,yellow,1
27850,Gypsum,0,-44.93,32.3,triangle,1,0,100,100,black,yellow,1
27851,Gypsum,0,-44.33,32.35,triangle,1,0,100,100,black,yellow,1
27865,Gypsum,0,12.42,-58.24,triangle,1,0,100,100,black,yellow,1
27991,Gypsum,0,15.18,8.47,triangle,1,0,100,100,black,yellow,1
27992,Gypsum,0,14.41,8.22,triangle,1,0,100,100,black,yellow,1
27993,Gypsum,0,13.19,1.38,triangle,1,0,100,100,black,yellow,1
27994,Gypsum,0,16.15,5.94,triangle,1,0,100,100,black,yellow,1
27995,Gypsum,0,16.45,5.31,triangle,1,0,100,100,black,yellow,1
27996,Gypsum,0,18.31,4.77,triangle,1,0,100,100,black,yellow,1
27998,Gypsum,0,15.53,6.93,triangle,1,0,100,100,black,yellow,1
27999,Gypsum,0,15.97,6.53,triangle,1,0,100,100,black,yellow,1
28002,Gypsum,0,17.46,3.82,triangle,1,0,100,100,black,yellow,1
28003,Gypsum,0,16.61,4.17,triangle,1,0,100,100,black,yellow,1
28004,Gypsum,0,17.16,4.08,triangle,1,0,100,100,black,yellow,1
28005,Gypsum,0,17.61,4.33,triangle,1,0,100,100,black,yellow,1
28006,Gypsum,0,16.43,3.08,triangle,1,0,100,100,black,yellow,1
28007,Gypsum,0,16.07,5.18,triangle,1,0,100,100,black,yellow,1
28008,Gypsum,0,15.89,4.75,triangle,1,0,100,100,black,yellow,1
28009,Gypsum,0,15.31,3.62,triangle,1,0,100,100,black,yellow,1
28010,Gypsum,0,15.81,3.05,triangle,1,0,100,100,black,yellow,1
28011,Gypsum,0,15.09,6.33,triangle,1,0,100,100,black,yellow,1
28012,Gypsum,0,13.81,5.35,triangle,1,0,100,100,black,yellow,1
28013,Gypsum,0,12.62,4.12,triangle,1,0,100,100,black,yellow,1
28014,Gypsum,0,12.21,5.11,triangle,1,0,100,100,black,yellow,1
28015,Gypsum,0,11.68,5.13,triangle,1,0,100,100,black,yellow,1
28017,Gypsum,0,12.03,7.11,triangle,1,0,100,100,black,yellow,1
28018,Gypsum,0,13.04,6.5,triangle,1,0,100,100,black,yellow,1
28019,Gypsum,0,12.43,6.12,triangle,1,0,100,100,black,yellow,1
28020,Gypsum,0,13.26,3.77,triangle,1,0,100,100,black,yellow,1
28021,Gypsum,0,12.47,2.94,triangle,1,0,100,100,black,yellow,1
28022,Gypsum,0,13.75,2.9,triangle,1,0,100,100,black,yellow,1
28023,Gypsum,0,14.39,3.87,triangle,1,0,100,100,black,yellow,1
28024,Gypsum,0,13.91,3.7,triangle,1,0,100,100,black,yellow,1
28028,Gypsum,0,12.08,1.86,triangle,1,0,100,100,black,yellow,1
28030,Gypsum,0,17.42,4.91,triangle,1,0,100,100,black,yellow,1
28031,Gypsum,0,14.8,3.54,triangle,1,0,100,100,black,yellow,1
28033,Gypsum,0,16.69,4.56,triangle,1,0,100,100,black,yellow,1
28034,Gypsum,0,15.58,4.09,triangle,1,0,100,100,black,yellow,1
28035,Gypsum,0,16.97,3.37,triangle,1,0,100,100,black,yellow,1
28036,Gypsum,0,14.7,4.53,triangle,1,0,100,100,black,yellow,1
28037,Gypsum,0,13.85,4.9,triangle,1,0,100,100,black,yellow,1
28039,Gypsum,0,13.13,4.85,triangle,1,0,100,100,black,yellow,1
28040,Gypsum,0,12.42,5.46,triangle,1,0,100,100,black,yellow,1
28041,Gypsum,0,13,4.25,triangle,1,0,100,100,black,yellow,1
28042,Gypsum,0,11.95,5.97,triangle,1,0,100,100,black,yellow,1
28043,Gypsum,0,11.52,7.05,triangle,1,0,100,100,black,yellow,1
28044,Gypsum,0,14.34,8.48,triangle,1,0,100,100,black,yellow,1
28045,Gypsum,0,14.7,5.55,triangle,1,0,100,100,black,yellow,1
28046,Gypsum,0,14.1,6.84,triangle,1,0,100,100,black,yellow,1
28047,Gypsum,0,14.03,8.11,triangle,1,0,100,100,black,yellow,1
28048,Gypsum,0,15.29,5.01,triangle,1,0,100,100,black,yellow,1
28278,Gypsum,0,17.51,-2.55,triangle,1,0,100,100,black,yellow,1
28291,Gypsum,0,2.19,6.91,triangle,1,0,100,100,black,yellow,1
28292,Gypsum,0,2.19,6.91,triangle,1,0,100,100,black,yellow,1
28331,Gypsum,0,2.23,-0.19,triangle,1,0,100,100,black,yellow,1
28332,Gypsum,0,2.98,-0.25,triangle,1,0,100,100,black,yellow,1
28410,Gypsum,0,0.98,0.11,triangle,1,0,100,100,black,yellow,1
28411,Gypsum,0,2.78,-1.92,triangle,1,0,100,100,black,yellow,1
28413,Gypsum,0,-1.56,2.96,triangle,1,0,100,100,black,yellow,1
28586,Gypsum,0,-11.25,49.29,triangle,1,0,100,100,black,yellow,1
28745,Gypsum,0,13.88,9.71,triangle,1,0,100,100,black,yellow,1
28777,Gypsum,0,16.53,-54.63,triangle,1,0,100,100,black,yellow,1
28778,Gypsum,0,16.83,-55.05,triangle,1,0,100,100,black,yellow,1
28779,Gypsum,0,16.2,-55.91,triangle,1,0,100,100,black,yellow,1
28780,Gypsum,0,16.5,-56.34,triangle,1,0,100,100,black,yellow,1
28781,Gypsum,0,15.92,-55.58,triangle,1,0,100,100,black,yellow,1
28782,Gypsum,0,13.62,-58.56,triangle,1,0,100,100,black,yellow,1
28871,Gypsum,0,13.96,10.91,triangle,1,0,100,100,black,yellow,1
28872,Gypsum,0,13.89,10.44,triangle,1,0,100,100,black,yellow,1
28902,Gypsum,0,15.68,4.77,triangle,1,0,100,100,black,yellow,1
28903,Gypsum,0,17.75,-3.22,triangle,1,0,100,100,black,yellow,1
28907,Gypsum,0,-16.1,34.89,triangle,1,0,100,100,black,yellow,1
28908,Gypsum,0,-16.9,34.86,triangle,1,0,100,100,black,yellow,1
28909,Gypsum,0,-17.93,35.55,triangle,1,0,100,100,black,yellow,1
28910,Gypsum,0,-18.92,35.41,triangle,1,0,100,100,black,yellow,1
28936,Gypsum,0,17.78,-47.23,triangle,1,0,100,100,black,yellow,1
28937,Gypsum,0,18.8,-48.17,triangle,1,0,100,100,black,yellow,1
28939,Gypsum,0,19.09,-47.12,triangle,1,0,100,100,black,yellow,1
28940,Gypsum,0,18.94,-48.83,triangle,1,0,100,100,black,yellow,1
28958,Gypsum,0,-17.71,35.14,triangle,1,0,100,100,black,yellow,1
28981,Gypsum,0,10.08,36.37,triangle,1,0,100,100,black,yellow,1
29334,Gypsum,0,13.39,10.74,triangle,1,0,100,100,black,yellow,1
29335,Gypsum,0,12.72,7.61,triangle,1,0,100,100,black,yellow,1
29336,Gypsum,0,13.04,9,triangle,1,0,100,100,black,yellow,1
29337,Gypsum,0,12.83,8.29,triangle,1,0,100,100,black,yellow,1
29338,Gypsum,0,11.8,8.25,triangle,1,0,100,100,black,yellow,1
29339,Gypsum,0,13.54,11.7,triangle,1,0,100,100,black,yellow,1
29341,Gypsum,0,12.73,9.73,triangle,1,0,100,100,black,yellow,1
29342,Gypsum,0,13.43,9.48,triangle,1,0,100,100,black,yellow,1
29344,Gypsum,0,12.13,10.01,triangle,1,0,100,100,black,yellow,1
29345,Gypsum,0,13.09,9.56,triangle,1,0,100,100,black,yellow,1
29625,Gypsum,0,36.98,66.56,triangle,1,0,100,100,black,yellow,1
29687,Gypsum,0,35.68,65.29,triangle,1,0,100,100,black,yellow,1
29737,Gypsum,0,37.64,67.75,triangle,1,0,100,100,black,yellow,1
29855,Gypsum,0,12.93,-56.9,triangle,1,0,100,100,black,yellow,1
29856,Gypsum,0,13.29,-58.03,triangle,1,0,100,100,black,yellow,1
29857,Gypsum,0,12.48,-57.62,triangle,1,0,100,100,black,yellow,1
29911,Gypsum,0,11.96,34.88,triangle,1,0,100,100,black,yellow,1
29924,Gypsum,0,18.87,-7.1,triangle,1,0,100,100,black,yellow,1
29925,Gypsum,0,18.59,-7.51,triangle,1,0,100,100,black,yellow,1
30038,Gypsum,0,17.67,8.54,triangle,1,0,100,100,black,yellow,1
30090,Gypsum,0,19.24,3.55,triangle,1,0,100,100,black,yellow,1
30091,Gypsum,0,19.15,2.87,triangle,1,0,100,100,black,yellow,1
30093,Gypsum,0,19.66,3.24,triangle,1,0,100,100,black,yellow,1
30154,Gypsum,0,7.15,26.99,triangle,1,0,100,100,black,yellow,1
30255,Gypsum,0,36.75,69.44,triangle,1,0,100,100,black,yellow,1
30256,Gypsum,0,36.61,68.79,triangle,1,0,100,100,black,yellow,1
30260,Gypsum,0,35.68,70.28,triangle,1,0,100,100,black,yellow,1
30277,Gypsum,0,36.81,113.02,triangle,1,0,100,100,black,yellow,1
30278,Gypsum,0,37.16,113.27,triangle,1,0,100,100,black,yellow,1
30312,Gypsum,0,39.35,113.97,triangle,1,0,100,100,black,yellow,1
30313,Gypsum,0,40.13,114.41,triangle,1,0,100,100,black,yellow,1
30314,Gypsum,0,39.53,114.12,triangle,1,0,100,100,black,yellow,1
30315,Gypsum,0,39.96,113.78,triangle,1,0,100,100,black,yellow,1
30489,Gypsum,0,-49.81,41.99,triangle,1,0,100,100,black,yellow,1
30520,Gypsum,0,13.43,-56.38,triangle,1,0,100,100,black,yellow,1
30521,Gypsum,0,15.6,-57.77,triangle,1,0,100,100,black,yellow,1
30558,Gypsum,0,21.12,99.01,triangle,1,0,100,100,black,yellow,1
30559,Gypsum,0,18.45,97.02,triangle,1,0,100,100,black,yellow,1
30561,Gypsum,0,21.04,100.61,triangle,1,0,100,100,black,yellow,1
30594,Gypsum,0,23.59,-66.65,triangle,1,0,100,100,black,yellow,1
30748,Gypsum,0,33.65,64.42,triangle,1,0,100,100,black,yellow,1
30759,Gypsum,0,33.04,62.92,triangle,1,0,100,100,black,yellow,1
30823,Gypsum,0,-19.44,35.71,triangle,1,0,100,100,black,yellow,1
30825,Gypsum,0,-16.27,36.96,triangle,1,0,100,100,black,yellow,1