URN,Label,PlateID,rlat,rlon,Symbol,Size,Azimuth,Time,Time,Border Color,Fill Color
27659,Granite,0,-37.31,-46.44,square,1.5,0,100,100,none,pink
27660,Granite,0,-39.31,-46.51,square,1.5,0,100,100,none,pink
27661,Granodiorite,0,-37.51,-46.45,circle,1.5,0,100,100,none,silver
27718,Foidite,0,35.62,-35.63,triangle,1.5,0,100,100,none,brown
27719,Granodiorite,0,36.18,-78.77,circle,1.5,0,100,100,none,silver
27720,Granodiorite,0,35.98,-79.26,circle,1.5,0,100,100,none,silver
27721,Granodiorite,0,31.92,-77.02,circle,1.5,0,100,100,none,silver
27723,Granodiorite,0,49.46,-75.17,circle,1.5,0,100,100,none,silver
27724,Granodiorite,0,47.64,-75.99,circle,1.5,0,100,100,none,silver
27725,Granodiorite,0,48.59,-75.08,circle,1.5,0,100,100,none,silver
27727,Granite,0,58.81,-78.48,square,1.5,0,100,100,none,pink
27728,Granite,0,59.34,-79.06,square,1.5,0,100,100,none,pink
27729,Granite,0,59.19,-81.09,square,1.5,0,100,100,none,pink
27730,Granite,0,59.13,-81.56,square,1.5,0,100,100,none,pink
27731,Granite,0,57.71,-79.54,square,1.5,0,100,100,none,pink
27732,Granite,0,57.28,-78.87,square,1.5,0,100,100,none,pink
27733,Granite,0,56.57,-80.17,square,1.5,0,100,100,none,pink
27734,Granite,0,68.06,-81.11,square,1.5,0,100,100,none,pink
27735,Granodiorite,0,55.46,-79.37,circle,1.5,0,100,100,none,silver
27737,Granite,0,54.51,-78.32,square,1.5,0,100,100,none,pink
27738,Granodiorite,0,54.81,-78.73,circle,1.5,0,100,100,none,silver
27739,Granite,0,63.18,-80.73,square,1.5,0,100,100,none,pink
27740,Granite,0,53.57,-79.03,square,1.5,0,100,100,none,pink
27741,Granite,0,53.88,-78.88,square,1.5,0,100,100,none,pink
27742,Granodiorite,0,52.63,-79.69,circle,1.5,0,100,100,none,silver
27744,Granite,0,61.87,-81.28,square,1.5,0,100,100,none,pink
27745,Granodiorite,0,52.95,-85.23,circle,1.5,0,100,100,none,silver
27746,Granodiorite,0,52.49,-83.13,circle,1.5,0,100,100,none,silver
27747,Granodiorite,0,50.09,-85.27,circle,1.5,0,100,100,none,silver
27748,Granodiorite,0,61.25,-81.45,circle,1.5,0,100,100,none,silver
27749,Granite,0,49.5,-79.37,square,1.5,0,100,100,none,pink
27751,Granite,0,47.06,-79.15,square,1.5,0,100,100,none,pink
27752,Granodiorite,0,47.44,-80.96,circle,1.5,0,100,100,none,silver
27754,Granodiorite,0,62.03,-81.62,circle,1.5,0,100,100,none,silver
27755,Granodiorite,0,61.63,-82.87,circle,1.5,0,100,100,none,silver
27756,Granodiorite,0,47.41,-83.86,circle,1.5,0,100,100,none,silver
27757,Granite,0,47.64,-83.55,square,1.5,0,100,100,none,pink
27758,Granodiorite,0,58.47,-84.02,circle,1.5,0,100,100,none,silver
27759,Granodiorite,0,45.4,-80.76,circle,1.5,0,100,100,none,silver
27760,Granite,0,45.13,-80.97,square,1.5,0,100,100,none,pink
27762,Granodiorite,0,46.34,-82.93,circle,1.5,0,100,100,none,silver
27763,Granodiorite,0,46.68,-83.19,circle,1.5,0,100,100,none,silver
27765,Granite,0,51.4,-76.26,square,1.5,0,100,100,none,pink
27766,Granite,0,44.76,-80.32,square,1.5,0,100,100,none,pink
27768,Granite,0,50.32,-75.68,square,1.5,0,100,100,none,pink
27770,Granite,0,53.07,-77.03,square,1.5,0,100,100,none,pink
27771,Granite,0,52.91,-74.92,square,1.5,0,100,100,none,pink
27772,Granodiorite,0,66.07,-81.44,circle,1.5,0,100,100,none,silver
27773,Granodiorite,0,65.81,-77.68,circle,1.5,0,100,100,none,silver
27833,Granite,0,74.19,-108.64,square,1.5,0,100,100,none,pink
28049,Foidite,0,-30.31,21.53,triangle,1.5,0,100,100,none,brown
28050,Foidite,0,-30.21,21.55,triangle,1.5,0,100,100,none,brown
28054,Granodiorite,0,35.78,-77.96,circle,1.5,0,100,100,none,silver
28067,Granite,0,37.85,101.54,square,1.5,0,100,100,none,pink
28068,Granite,0,35.23,92.94,square,1.5,0,100,100,none,pink
28070,Granite,0,29.0,114.46,square,1.5,0,100,100,none,pink
28071,Granite,0,29.48,115.24,square,1.5,0,100,100,none,pink
28072,Granite,0,29.47,116.44,square,1.5,0,100,100,none,pink
28073,Granite,0,29.08,115.6,square,1.5,0,100,100,none,pink
28074,Granite,0,26.2,112.36,square,1.5,0,100,100,none,pink
28075,Granite,0,26.94,113.45,square,1.5,0,100,100,none,pink
28135,Granite,0,36.88,-77.74,square,1.5,0,100,100,none,pink
28136,Granite,0,37.24,-78.04,square,1.5,0,100,100,none,pink
28137,Granite,0,74.59,-124.17,square,1.5,0,100,100,none,pink
28140,Granodiorite,0,25.65,-74.94,circle,1.5,0,100,100,none,silver
28143,Foidite,0,-41.27,8.81,triangle,1.5,0,100,100,none,brown
28144,Foidite,0,-47.53,5.34,triangle,1.5,0,100,100,none,brown
28145,Foidite,0,-47.32,4.35,triangle,1.5,0,100,100,none,brown
28249,Foidite,0,2.66,27.83,triangle,1.5,0,100,100,none,brown
28250,Foidite,0,9.36,26.33,triangle,1.5,0,100,100,none,brown
28251,Granite,0,0.95,27.03,square,1.5,0,100,100,none,pink
28264,Granodiorite,0,39.36,-79.57,circle,1.5,0,100,100,none,silver
28265,Granodiorite,0,38.33,-79.57,circle,1.5,0,100,100,none,silver
28266,Granodiorite,0,37.37,-79.33,circle,1.5,0,100,100,none,silver
28267,Granodiorite,0,40.04,-79.37,circle,1.5,0,100,100,none,silver
28268,Granodiorite,0,35.94,-78.81,circle,1.5,0,100,100,none,silver
28269,Granodiorite,0,35.28,-79.09,circle,1.5,0,100,100,none,silver
28270,Granodiorite,0,35.5,-78.62,circle,1.5,0,100,100,none,silver
28271,Granodiorite,0,33.3,-78.49,circle,1.5,0,100,100,none,silver
28272,Granite,0,37.48,-78.79,square,1.5,0,100,100,none,pink
28273,Granodiorite,0,38.14,-79.62,circle,1.5,0,100,100,none,silver
28274,Granodiorite,0,38.55,-79.61,circle,1.5,0,100,100,none,silver
28275,Granodiorite,0,35.97,-79.52,circle,1.5,0,100,100,none,silver
28276,Granite,0,32.18,-77.36,square,1.5,0,100,100,none,pink
28285,Granodiorite,0,-35.32,-45.72,circle,1.5,0,100,100,none,silver
28287,Granodiorite,0,16.31,112.89,circle,1.5,0,100,100,none,silver
28288,Granite,0,18.15,113.77,square,1.5,0,100,100,none,pink
28299,Granite,0,75.31,179.43,square,1.5,0,100,100,none,pink
28300,Granite,0,80.18,-152.89,square,1.5,0,100,100,none,pink
28301,Granite,0,80.31,-153.11,square,1.5,0,100,100,none,pink
28318,Granodiorite,0,64.56,-80.21,circle,1.5,0,100,100,none,silver
28319,Granite,0,64.94,-82.23,square,1.5,0,100,100,none,pink
28320,Granodiorite,0,65.53,-82.49,circle,1.5,0,100,100,none,silver
28321,Granodiorite,0,65.14,-82.01,circle,1.5,0,100,100,none,silver
28338,Granodiorite,0,37.69,-77.71,circle,1.5,0,100,100,none,silver
28339,Granodiorite,0,29.5,-75.99,circle,1.5,0,100,100,none,silver
28340,Granodiorite,0,27.48,-75.54,circle,1.5,0,100,100,none,silver
28448,Granodiorite,0,13.04,121.42,circle,1.5,0,100,100,none,silver
28451,Granite,0,-53.07,-48.43,square,1.5,0,100,100,none,pink
28453,Granodiorite,0,-81.43,162.22,circle,1.5,0,100,100,none,silver
28454,Granite,0,-81.97,162.15,square,1.5,0,100,100,none,pink
28455,Granite,0,-73.82,-56.73,square,1.5,0,100,100,none,pink
28458,Granite,0,-81.81,159.99,square,1.5,0,100,100,none,pink
28460,Granodiorite,0,-58.5,-51.27,circle,1.5,0,100,100,none,silver
28461,Granodiorite,0,-62.5,-47.51,circle,1.5,0,100,100,none,silver
28462,Granite,0,7.06,122.73,square,1.5,0,100,100,none,pink
28503,Granodiorite,0,40.41,-77.42,circle,1.5,0,100,100,none,silver
28504,Granodiorite,0,41.47,-76.98,circle,1.5,0,100,100,none,silver
28547,Foidite,0,-27.05,-20.6,triangle,1.5,0,100,100,none,brown
28572,Granodiorite,0,64.61,-83.73,circle,1.5,0,100,100,none,silver
28678,Granodiorite,0,-1.32,-51.07,circle,1.5,0,100,100,none,silver
28682,Granodiorite,0,33.97,118.09,circle,1.5,0,100,100,none,silver
28734,Granite,0,38.27,-77.83,square,1.5,0,100,100,none,pink
28735,Granite,0,36.13,-77.91,square,1.5,0,100,100,none,pink
28736,Granodiorite,0,30.55,-76.75,circle,1.5,0,100,100,none,silver
28737,Granodiorite,0,30.89,-76.97,circle,1.5,0,100,100,none,silver
28738,Granodiorite,0,29.99,-76.48,circle,1.5,0,100,100,none,silver
28739,Granodiorite,0,30.5,-76.46,circle,1.5,0,100,100,none,silver
28740,Granodiorite,0,30.07,-76.96,circle,1.5,0,100,100,none,silver
28741,Granite,0,30.86,-76.78,square,1.5,0,100,100,none,pink
28742,Granodiorite,0,30.04,-76.17,circle,1.5,0,100,100,none,silver
28743,Granodiorite,0,29.58,-77.07,circle,1.5,0,100,100,none,silver
28744,Granodiorite,0,29.58,-76.47,circle,1.5,0,100,100,none,silver
28754,Granodiorite,0,29.76,-76.93,circle,1.5,0,100,100,none,silver
28755,Granodiorite,0,43.99,-82.41,circle,1.5,0,100,100,none,silver
28756,Granodiorite,0,42.42,-81.18,circle,1.5,0,100,100,none,silver
28757,Granodiorite,0,44.2,-75.56,circle,1.5,0,100,100,none,silver
28758,Granodiorite,0,44.25,-74.73,circle,1.5,0,100,100,none,silver
28759,Granite,0,49.73,-75.89,square,1.5,0,100,100,none,pink
28760,Granite,0,50.07,-76.46,square,1.5,0,100,100,none,pink
28761,Granodiorite,0,49.26,-77.11,circle,1.5,0,100,100,none,silver
28762,Granodiorite,0,50.72,-77.96,circle,1.5,0,100,100,none,silver
28767,Granite,0,44.09,118.78,square,1.5,0,100,100,none,pink
28789,Granodiorite,0,63.1,-91.96,circle,1.5,0,100,100,none,silver
28795,Granodiorite,0,42.37,-76.06,circle,1.5,0,100,100,none,silver
28796,Granodiorite,0,38.49,-75.25,circle,1.5,0,100,100,none,silver
28797,Granite,0,31.56,-77.31,square,1.5,0,100,100,none,pink
28798,Granite,0,36.96,-79.44,square,1.5,0,100,100,none,pink
28799,Granite,0,35.29,-76.75,square,1.5,0,100,100,none,pink
28800,Granite,0,67.42,-85.06,square,1.5,0,100,100,none,pink
28801,Granite,0,74.77,-92.5,square,1.5,0,100,100,none,pink
28802,Granodiorite,0,38.54,-82.48,circle,1.5,0,100,100,none,silver
28803,Granodiorite,0,35.13,-78.83,circle,1.5,0,100,100,none,silver
28808,Granite,0,63.59,-82.21,square,1.5,0,100,100,none,pink
28845,Granite,0,44.67,-74.56,square,1.5,0,100,100,none,pink
28846,Granodiorite,0,36.68,-77.79,circle,1.5,0,100,100,none,silver
28946,Granodiorite,0,32.43,-78.2,circle,1.5,0,100,100,none,silver
28947,Granite,0,36.4,-79.75,square,1.5,0,100,100,none,pink
28948,Granodiorite,0,36.31,-79.36,circle,1.5,0,100,100,none,silver
28949,Granite,0,71.08,-89.42,square,1.5,0,100,100,none,pink
28950,Granite,0,70.26,-87.02,square,1.5,0,100,100,none,pink
28951,Granite,0,69.93,-86.73,square,1.5,0,100,100,none,pink
29072,Granodiorite,0,-37.32,138.51,circle,1.5,0,100,100,none,silver
29118,Granite,0,71.06,-91.99,square,1.5,0,100,100,none,pink
29144,Granite,0,24.81,107.13,square,1.5,0,100,100,none,pink
29255,Granodiorite,0,59.94,-83.7,circle,1.5,0,100,100,none,silver
29357,Foidite,0,53.61,-84.63,triangle,1.5,0,100,100,none,brown
29373,Granite,0,37.05,-78.71,square,1.5,0,100,100,none,pink
29374,Granodiorite,0,36.9,-78.44,circle,1.5,0,100,100,none,silver
29375,Granite,0,36.75,-78.18,square,1.5,0,100,100,none,pink
29376,Granite,0,-20.97,-51.08,square,1.5,0,100,100,none,pink
29449,Granite,0,47.36,115.74,square,1.5,0,100,100,none,pink
29450,Granodiorite,0,53.94,-85.84,circle,1.5,0,100,100,none,silver
29455,Granite,0,-7.52,-36.88,square,1.5,0,100,100,none,pink
29475,Granite,0,55.96,95.85,square,1.5,0,100,100,none,pink
29476,Granite,0,56.52,101.14,square,1.5,0,100,100,none,pink
29831,Granite,0,27.74,112.5,square,1.5,0,100,100,none,pink
29832,Granite,0,29.75,115.07,square,1.5,0,100,100,none,pink
29833,Granite,0,35.16,114.94,square,1.5,0,100,100,none,pink
29834,Granite,0,32.81,110.44,square,1.5,0,100,100,none,pink
29835,Granite,0,27.47,113.61,square,1.5,0,100,100,none,pink
29836,Granite,0,30.02,113.47,square,1.5,0,100,100,none,pink
29837,Granite,0,26.77,113.08,square,1.5,0,100,100,none,pink
29854,Granodiorite,0,14.35,-67.39,circle,1.5,0,100,100,none,silver
29884,Granodiorite,0,65.08,-81.25,circle,1.5,0,100,100,none,silver
30012,Granite,0,38.6,104.34,square,1.5,0,100,100,none,pink
30013,Granite,0,37.8,102.86,square,1.5,0,100,100,none,pink
30014,Granite,0,37.81,101.34,square,1.5,0,100,100,none,pink
30015,Granite,0,37.83,101.98,square,1.5,0,100,100,none,pink
30016,Granite,0,38.09,103.85,square,1.5,0,100,100,none,pink
30017,Granodiorite,0,37.98,104.32,circle,1.5,0,100,100,none,silver
30023,Granodiorite,0,21.26,-72.44,circle,1.5,0,100,100,none,silver
30030,Granodiorite,0,16.93,84.02,circle,1.5,0,100,100,none,silver
30110,Granite,0,36.28,-76.08,square,1.5,0,100,100,none,pink
30120,Granodiorite,0,22.92,74.02,circle,1.5,0,100,100,none,silver
30155,Granodiorite,0,-70.74,-54.34,circle,1.5,0,100,100,none,silver
30156,Granodiorite,0,-69.77,-55.13,circle,1.5,0,100,100,none,silver
30157,Granodiorite,0,-68.76,-53.0,circle,1.5,0,100,100,none,silver
30158,Granodiorite,0,-82.57,-92.39,circle,1.5,0,100,100,none,silver
30159,Granite,0,-82.14,157.31,square,1.5,0,100,100,none,pink
30161,Granodiorite,0,-78.9,-40.05,circle,1.5,0,100,100,none,silver
30174,Granodiorite,0,49.13,130.51,circle,1.5,0,100,100,none,silver
30177,Granodiorite,0,46.6,124.57,circle,1.5,0,100,100,none,silver
30180,Granodiorite,0,55.21,135.12,circle,1.5,0,100,100,none,silver
30191,Foidite,0,46.67,125.82,triangle,1.5,0,100,100,none,brown
30193,Granite,0,11.31,96.34,square,1.5,0,100,100,none,pink
30501,Granodiorite,0,-69.3,-53.9,circle,1.5,0,100,100,none,silver
30502,Granodiorite,0,-80.93,-47.07,circle,1.5,0,100,100,none,silver
30503,Granodiorite,0,-81.13,-47.71,circle,1.5,0,100,100,none,silver
30504,Granite,0,-81.02,-46.81,square,1.5,0,100,100,none,pink
30505,Granodiorite,0,-70.13,-55.42,circle,1.5,0,100,100,none,silver
30507,Granodiorite,0,-82.57,-92.39,circle,1.5,0,100,100,none,silver
30571,Granite,0,-70.05,-53.11,square,1.5,0,100,100,none,pink
30572,Granite,0,-73.56,-57.26,square,1.5,0,100,100,none,pink
30573,Granodiorite,0,-70.71,-56.67,circle,1.5,0,100,100,none,silver
30574,Granite,0,-69.96,-53.21,square,1.5,0,100,100,none,pink
30577,Granodiorite,0,6.49,123.17,circle,1.5,0,100,100,none,silver
30596,Granodiorite,0,-67.87,-50.28,circle,1.5,0,100,100,none,silver
30598,Granite,0,-70.0,-53.56,square,1.5,0,100,100,none,pink
30600,Granite,0,-70.29,-54.17,square,1.5,0,100,100,none,pink
30602,Granite,0,15.57,-70.5,square,1.5,0,100,100,none,pink
30633,Granite,0,-81.91,171.46,square,1.5,0,100,100,none,pink
30684,Granite,0,-81.15,141.63,square,1.5,0,100,100,none,pink
30760,Granodiorite,0,17.21,70.42,circle,1.5,0,100,100,none,silver
30761,Granodiorite,0,18.28,69.57,circle,1.5,0,100,100,none,silver
30762,Granodiorite,0,19.91,69.22,circle,1.5,0,100,100,none,silver
30763,Granite,0,17.52,70.7,square,1.5,0,100,100,none,pink
30764,Granodiorite,0,18.27,68.66,circle,1.5,0,100,100,none,silver
30801,Granodiorite,0,19.91,-71.64,circle,1.5,0,100,100,none,silver
30802,Granodiorite,0,13.68,-63.43,circle,1.5,0,100,100,none,silver
30803,Granite,0,16.83,-68.14,square,1.5,0,100,100,none,pink
30804,Granite,0,15.49,-67.25,square,1.5,0,100,100,none,pink
30805,Granite,0,16.41,-65.9,square,1.5,0,100,100,none,pink
30806,Granite,0,15.15,-67.54,square,1.5,0,100,100,none,pink
30857,Granite,0,-0.51,28.88,square,1.5,0,100,100,none,pink
