Name,Lat Decimal,Lon Decimal,Age A,Age D,Plate,IconNum,Log(Diam)/2,Color
Dalgaranga,-27.716667,117.25,0.027,-999,801,0,0.00661552,120
Havliland,37.5833333,-99.166667,0.001,-999,801,0,0.00661552,120
Sikhote Alin,46.1166667,134.666667,0,-999,199,0,0.00987479,120
Campo del Cielo,-27.633333,-61.7,0.004,-999,202,0,0.01629946,120
Sobolev,46.3,138.866667,0.001,-999,628,0,0.01629946,120
Ilumetsa,57.9666667,25.4166667,0.002,-999,302,0,0.02571058,120
Veevers,-22.966667,125.366667,1,-999,801,0,0.02571058,120
Morasko,52.4833333,16.9,0.01,-999,315,0,0.03184053,120
Wabar,21.5,50.4666667,0.006,-999,503,0,0.03184053,120
Kaalijarvi,58.4,22.6666667,0.004,-999,302,0,0.03486383,120
Henbury,-24.583333,133.15,0.005,-999,801,0,0.04958307,120
Boxhole,-22.616667,135.2,0.03,-999,801,0,0.05245066,120
Odessa,31.75,-102.48333,0.05,-999,199,0,0.05245066,120
Macha,59.9833333,118,0.007,-999,401,0,0.08764873,120
Aouelloul,20.25,-12.683333,3.1,-999,714,0,0.11001138,120
Amguid,26.0833333,19.25,0.1,-999,715,0,0.12412923,120
Monturaqui,-23.933333,-68.283333,1,-999,202,0,0.12642527,120
Kalkkop,-32.716667,24.5666667,1.8,-999,701,0,0.1652645,120
Wolfe Creek,-19.3,127.766667,0.3,-999,801,0,0.21089065,120
Pretoria Saltpan,-25.4,28.0833333,0.22,-999,701,0,0.25259969,120
Barringer,35.0333333,-111.01667,0.049,-999,199,0,0.26188009,120
Tabun-Khara-Obo,44.1,109.6,1.8,-999,628,0,0.27825218,120
Liverpool,-12.4,134.05,150,-999,801,0,0.31921027,120
Talemzane,33.3166667,4.03333333,3,-999,714,0,0.33794823,120
Lonar,19.9666667,76.5166667,0.052,-999,501,0,0.34752803,120
Tenouomer,22.9166667,-10.4,2.5,-999,714,0,0.35569077,120
Tvaren,58.7666667,17.4166667,455,-999,302,0,0.36701635,120
Holleford,44.4666667,-76.633333,550,-999,199,0,0.40388062,120
West Hawk,49.7666667,-95.183333,100,-999,199,0,0.41273726,120
Roter Kamm,-27.766667,16.3,3.7,-999,701,0,0.41851388,120
Zeleny Gai,48.7,32.9,120,-999,302,0,0.41851388,120
Rotmistrovka,49,32,140,-999,302,0,0.43707825,120
B.P. Structure,25.3166667,24.3333333,120,-999,715,0,0.44598738,120
Granby,58.4166667,15.9333333,470,-999,302,0,0.46312307,120
Iso-Naakkima,62.1833333,27.15,1000,-999,302,0,0.46312307,120
Newporte,48.9666667,-101.96667,500,-999,199,0,0.46312307,120
Shunak,47.2,72.7,12,-999,402,0,0.4713722,120
New Quebec,61.2833333,-73.666667,1.4,-999,199,0,0.4979869,120
Gusev,48.35,40.2333333,65,-999,302,0,0.50247116,120
Ouarkziz,29,-7.55,70,-999,714,0,0.50247116,120
Flynn Creek,36.2833333,-85.666667,360,-999,199,0,0.50616261,120
Brent,46.0833333,-78.483333,450,-999,199,0,0.52403172,120
Steinhiem,48.0333333,10.0666667,15,-999,305,0,0.52403172,120
Glasford,40.6,-89.783333,430,-999,199,0,0.53766923,120
Ille Roule,50.6833333,-73.883333,300,-999,199,0,0.53766923,120
Kardla,58.9833333,22.6666667,455,-999,302,0,0.53766923,120
Mishina Gora,58.6666667,28,360,-999,302,0,0.53766923,120
Suvasvesi N,62.7,28,1000,-999,302,0,0.53766923,120
Zapadnaya,49.7333333,29,115,-999,302,0,0.53766923,120
Dobele,56.5833333,23.25,300,-999,302,0,0.56950976,120
Ilyinets,49.1,29.2,395,-999,302,0,0.56950976,120
Riachao Ring,-7.7166667,-46.65,200,-999,201,0,0.56950976,120
Rio Cuarto,-30.866667,-64.233333,0.1,-999,202,0,0.56950976,120
Gardnos,60.65,9,500,-999,302,0,0.59857788,120
Gow,56.45,-104.48333,250,-999,199,0,0.59857788,120
Mizarai,54.0166667,24.5666667,570,-999,302,0,0.59857788,120
Goat Paddock,-18.333333,126.666667,50,-999,801,0,0.60409987,120
Chiyli,49.1666667,57.85,46,-999,302,0,0.62531797,120
Kursk,51.6666667,36,250,-999,302,0,0.62531797,120
Chukca,75.7,97.8,70,-999,401,0,0.65007542,120
Decaturville,37.9,-92.716667,300,-999,199,0,0.65007542,120
Middleboro,36.6166667,-83.733333,300,-999,199,0,0.65007542,120
Pilot,60.2833333,-111.01667,445,-999,199,0,0.65007542,120
Saaksjarvi,61.4,22.4,560,-999,302,0,0.65007542,120
Tin Bider,27.6,5.11666667,70,-999,714,0,0.65007542,120
Bigach,48.5,82,6,-999,402,0,0.69468461,120
Crooked Creek,37.8333333,-91.383333,320,-999,199,0,0.69468461,120
Lockne,63,14.8,455,-999,302,0,0.69468461,120
Piccaninny,-17.533333,128.416667,360,-999,801,0,0.69468461,120
Wanapitei,46.75,-80.75,37,-999,199,0,0.71493764,120
Beyenchime-Salaatin,71.8333333,123.5,65,-999,401,0,0.7340327,120
Des Plains,42.05,-87.866667,280,-999,199,0,0.7340327,120
Glover Bluff,43.9666667,-89.533333,500,-999,199,0,0.7340327,120
La Moinerie,57.4333333,-66.616667,400,-999,199,0,0.7340327,120
Serpent Mound,39.0333333,-83.4,320,-999,199,0,0.7340327,120
Vepriai,54.0166667,24.5666667,160,-999,302,0,0.7340327,120
Connolly Basin,-23.533333,124.75,60,-999,801,0,0.76923077,120
Couture,60.1333333,-75.333333,430,-999,199,0,0.76923077,120
Lumparn,60.2,20.1,1000,-999,302,0,0.76923077,120
Mien,56.4166667,14.8666667,121,-999,302,0,0.76923077,120
Ragozinka,58.3,62,55,-999,302,0,0.76923077,120
Red Wing,47.6,-103.55,200,-999,199,0,0.76923077,120
Eagle Butte,49.7,-110.5,65,-999,199,0,0.8010713,120
Kelly West,-19.933333,133.95,550,-999,801,0,0.8010713,120
Upheaval Dome,38.4333333,-109.9,65,-999,199,0,0.8010713,120
Bosumtwi,6.5,-1.4166667,1.03,-999,714,0,0.81592142,120
Oasis,24.5833333,24.4,120,-999,715,0,0.84377693,120
Avak,71.25,-156.63333,95,-999,103,0,0.8568795,120
Karla,54.9,48,10,-999,302,0,0.8568795,120
Serra de Cangalha,-8.0833333,-46.866667,300,-999,201,0,0.8568795,120
Vargeao Dome,-26.833333,-52.116667,70,-999,201,0,0.8568795,120
Wells Creek,36.3833333,-87.666667,200,-999,199,0,0.8568795,120
Nicholson,62.6666667,-102.68333,400,-999,199,0,0.86948751,120
Aorounga,19.1,19.25,0.004,-999,715,0,0.87195301,120
Deep Bay,56.4,-102.98333,100,-999,199,0,0.88163695,120
Kentland,40.75,-87.4,97,-999,199,0,0.88163695,120
Marquez,31.2833333,-96.3,58,-999,199,0,0.88163695,120
Sierra Madera,30.6,-102.91667,100,-999,199,0,0.88163695,120
Spider,-16.733333,126.083333,570,-999,801,0,0.88163695,120
Zhamanshin,48.3333333,60.9666667,0.9,-999,514,0,0.89336,120
Gwendi-Fada,17.4166667,21.75,345,-999,715,0,0.90468558,120
Janisjarvi,61.9666667,30.9166667,698,-999,302,0,0.90468558,120
Kaluga,54.5,36.25,380,-999,302,0,0.92624614,120
Obolon',49.5,32.9166667,215,-999,302,0,0.92624614,120
Ternovka,48.0166667,33.0833333,350,-999,302,0,0.92624614,120
Ames,36.25,-98.2,470,-999,199,0,0.94649917,120
Logoisk,54.2,27.8,40,-999,302,0,0.96559423,120
El'gygytgyn,67.5,172,3.5,-999,103,0,0.98365662,120
Lawn Hill,-18.666667,138.65,515,-999,801,0,0.98365662,120
Dellen,61.9166667,16.65,89,-999,302,0,1.0007923,120
Logancha,65.5,95.8333333,25,-999,401,0,1.01709177,120
Gosses Bluff,-23.833333,132.316667,142.5,-999,801,0,1.04748295,120
Lappajarvi,63.2,23.7,77.3,-999,302,0,1.06170096,120
Rochechouart,45.8333333,0.93334333,186,-999,305,0,1.06170096,120
Boltysh,48.75,32.1666667,88,-999,302,0,1.07533847,120
Haughton,75.3666667,-89.683333,23,-999,106,0,1.07533847,120
Presquile,49.7166667,-74.8,500,-999,199,0,1.07533847,120
Ries,48.8833333,10.6166667,15,-999,305,0,1.07533847,120
Kamensk,48.3333333,40.25,49,-999,302,0,1.08844104,120
Steen River,59.5,-117.63333,95,-999,199,0,1.08844104,120
Strangways,-15.2,133.583333,470,-999,801,0,1.08844104,120
Ust-Kara,69.3,65.3,73,-999,401,0,1.08844104,120
Clearwater East,56.0833333,-74.116667,290,-999,199,0,1.10104905,120
Mistastin,55.8833333,-63.3,38,-999,199,0,1.12492154,120
Azuara,41.1666667,-1,130,-999,304,0,1.1472013,120
Slate Islands,48.6666667,-87,350,-999,199,0,1.1472013,120
Teague,-25.866667,120.883333,1630,-999,801,0,1.1472013,120
Manson,42.5833333,-94.55,73.8,-999,199,0,1.19715577,120
Clearwater West,56.2166667,-74.5,290,-999,199,0,1.20630902,120
Carswell,58.45,-109.5,115,-999,199,0,1.23235384,120
Araguainha Dome,-16.783333,-52.983333,247,-999,201,0,1.24060297,120
Saint Martin,51.7833333,-98.533333,220,-999,199,0,1.24060297,120
Montagnais,42.8833333,-64.216667,50.5,-999,107,0,1.27904449,120
Kara Sul,39.0166667,73.45,5,-999,402,0,1.32636605,120
Siljan,61.0333333,14.8666667,368,-999,302,0,1.32636605,120
Charlevoix,47.5333333,-70.3,357,-999,199,0,1.33874053,120
Tookoonooka,-27,143,128,-999,801,0,1.34476002,120
Beaverhead,44.6,-113,600,-999,199,0,1.37333064,120
Kara,69.2,65,73,-999,401,0,1.39964918,120
Puchezh-Katunki,57.1,43.5833333,175,-999,302,0,1.4680654,120
Chesapeake Bay,37.25,-76.083333,35.5,-999,109,0,1.48807573,120
Acraman,-32.016667,135.45,450,-999,801,0,1.50695492,120
Manicouagan,51.3833333,-68.7,214,-999,199,0,1.54178567,120
Popigai,71.5,111,35,-999,401,0,1.54178567,120
Chicxulub,21.3333333,-89.5,64.98,-999,205,0,1.71768932,120
Sudbury,46.6,-81.183333,1850,-999,199,0,1.84590286,120
Vredefort,-27,27.5,2006,-999,701,0,1.90658961,120
Soderfjarden,62.9,21.7,600,-999,302,0,2.08011578,120