URN,label,PlateID,Latitude,Longitude,SymbolorNumber,Size,Azimuth,Start,End,Border color,Fill color
1,101,101,54.5,-94,label,1,0,306,-250,black,none
2,102,102,76.5,-40,label,1,0,1100,-250,black,none
3,103,103,70.5,-166,label,1,0,1100,-250,black,none
4,104,104,22.5,-102,label,1,0,1100,-250,black,none
5,105,105,29.5,-115,label,1,0,0,-250,black,none
6,106,106,80.5,-98,label,1,0,1100,-250,black,none
7,107,107,46.5,-51,label,1,0,1100,-250,black,none
8,108,108,47.5,-61,label,1,0,404,-250,black,none
9,109,109,32.5,-83,label,1,0,245,-250,black,none
10,110,110,85.5,-159,label,1,0,1100,-250,black,none
11,112,112,78.5,-165,label,1,0,1100,-250,black,none
12,113,113,77.5,-160,label,1,0,1100,-250,black,none
13,114,114,87.5,-61,label,1,0,1100,-250,black,none
14,117,117,77.5,161,label,1,0,1100,-250,black,none
15,121,121,67.5,-155,label,1,0,1100,-250,black,none
16,123,123,65.5,-146,label,1,0,1100,-250,black,none
17,124,124,50.5,-117,label,1,0,1100,-250,black,none
18,125,125,60.5,-155,label,1,0,1100,-250,black,none
19,126,126,61.5,-149,label,1,0,1100,-250,black,none
20,127,127,56.5,-127,label,1,0,1100,-250,black,none
21,128,128,52.5,-127,label,1,0,1100,-250,black,none
22,129,129,46.5,-122,label,1,0,1100,-250,black,none
23,130,130,39.5,-121,label,1,0,1100,-250,black,none
24,131,131,41.5,-118,label,1,0,1100,-250,black,none
25,132,132,42.5,-113,label,1,0,1100,-250,black,none
26,133,133,38.5,-109,label,1,0,1100,-250,black,none
27,134,134,32.5,-110,label,1,0,1100,-250,black,none
28,135,135,30.5,-96,label,1,0,1100,-250,black,none
29,137,137,29.5,-87,label,1,0,1100,-250,black,none
30,140,140,78.5,-142,label,1,0,1100,-250,black,none
31,141,141,88.5,-160,label,1,0,1100,-250,black,none
32,201,201,-6.5,-60,label,1,0,1100,-250,black,none
33,202,202,-28.5,-62,label,1,0,1100,-250,black,none
34,203,203,9.5,-75,label,1,0,1100,-250,black,none
35,204,204,15.5,-86,label,1,0,47.9,-250,black,none
36,205,205,20.5,-90,label,1,0,175,-250,black,none
37,206,206,23.5,-80,label,1,0,118.7,-250,black,none
38,216,216,20.5,-82,label,1,0,1100,-250,black,none
39,217,217,18.5,-84,label,1,0,1100,-250,black,none
40,218,218,20.5,-77,label,1,0,1100,-250,black,none
41,221,221,18,-80,label,1,0,1100,-250,black,none
42,222,222,19.5,-78,label,1,0,79.1,-250,black,none
43,223,223,16.5,-77,label,1,0,1100,-250,black,none
44,224,224,16.5,-70,label,1,0,1100,-250,black,none
45,230,230,9.5,-81,label,1,0,0,-250,black,none
46,237,237,20.5,-67,label,1,0,1100,-250,black,none
47,239,239,16.5,-61,label,1,0,1100,-250,black,none
48,251,251,25.5,-87,label,1,0,1100,-250,black,none
49,252,252,20.5,-72,label,1,0,72,-250,black,none
50,262,262,-2.5,-63,label,1,0,143.8,-250,black,none
51,263,263,-14.5,-46,label,1,0,1100,-250,black,none
52,264,264,-18.5,-66,label,1,0,1100,-250,black,none
53,265,265,-38.5,-70,label,1,0,1100,-250,black,none
54,266,266,-28.5,-60,label,1,0,1100,-250,black,none
55,267,267,-22,-45,label,1,0,1100,-250,black,none
56,290,290,-36.5,-61,label,1,0,1100,-250,black,none
57,291,291,-43.5,-68,label,1,0,1100,-250,black,none
58,301,301,61.5,30,label,1,0,-75,-250,black,none
59,303,303,59.5,-5,label,1,0,235,-250,black,none
60,304,304,41.5,-4,label,1,0,0,-250,black,none
61,305,305,47.5,1,label,1,0,306,-250,black,none
62,306,306,41.5,9,label,1,0,0,-250,black,none
63,307,307,45.5,13,label,1,0,1100,-250,black,none
64,308,308,47.5,21,label,1,0,1100,-250,black,none
65,309,309,77.5,16,label,1,0,235,-250,black,none
66,310,310,79.5,34,label,1,0,235,-250,black,none
67,313,313,57.5,-2,label,1,0,1100,-250,black,none
68,315,315,54.5,1,label,1,0,458,-250,black,none
69,317,317,56.5,-17,label,1,0,255,-250,black,none
70,318,318,59.5,-19,label,1,0,1100,-250,black,none
71,319,319,45.5,25,label,1,0,1100,-250,black,none
72,320,320,40.5,2,label,1,0,1100,-250,black,none
73,321,321,39.5,3,label,1,0,1100,-250,black,none
74,322,322,46.5,-3.5,label,1,0,1100,-250,black,none
75,323,323,36.5,14,label,1,0,1100,-250,black,none
76,324,324,63.5,-7,label,1,0,1100,-250,black,none
77,325,325,60.5,-12,label,1,0,1100,-250,black,none
78,326,326,59.5,-10,label,1,0,1100,-250,black,none
79,327,327,65.5,3,label,1,0,1100,-250,black,none
80,328,328,45.5,-3,label,1,0,1100,-250,black,none
81,329,329,40.5,25,label,1,0,1100,-250,black,none
82,330,330,36.5,25,label,1,0,1100,-250,black,none
83,331,331,37.5,31,label,1,0,1100,-250,black,none
84,332,332,53.5,-14,label,1,0,1100,-250,black,none
85,350,350,83,5,label,1,0,1100,-250,black,none
86,401,401,63.5,107,label,1,0,280,-250,black,none
87,402,402,49.5,71,label,1,0,306,-250,black,none
88,403,403,66.5,161,label,1,0,70,-250,black,none
89,405,405,71.5,147,label,1,0,1100,-250,black,none
90,406,406,61.5,-170,label,1,0,1100,-250,black,none
91,407,407,44.5,89,label,1,0,1100,-250,black,none
92,409,409,81.5,72,label,1,0,1100,-250,black,none
93,410,410,53.5,148,label,1,0,1100,-250,black,none
94,416,416,53,-180,label,1,0,1100,-250,black,none
95,420,420,58.5,174,label,1,0,1100,-250,black,none
96,501,501,24.5,78,label,1,0,0,-250,black,none
97,502,502,9.5,80,label,1,0,1100,-250,black,none
98,503,503,27.5,45,label,1,0,600,-250,black,none
99,504,504,39.5,33,label,1,0,33.5,-250,black,none
100,505,505,34.5,56,label,1,0,65,-250,black,none
101,506,506,36.5,64,label,1,0,1100,-250,black,none
102,507,507,32.5,64,label,1,0,1100,-250,black,none
103,508,508,32.5,34,label,1,0,1100,-250,black,none
104,510,510,41.5,32,label,1,0,1100,-250,black,none
105,511,511,44.5,36,label,1,0,1100,-250,black,none
106,512,512,38.5,48,label,1,0,195,-250,black,none
107,513,513,40.5,51,label,1,0,1100,-250,black,none
108,514,514,43.5,55,label,1,0,1100,-250,black,none
109,515,515,27.5,61,label,1,0,1100,-250,black,none
110,530,530,28.5,38,label,1,0,600,-250,black,none
111,531,531,25.5,50,label,1,0,600,-250,black,none
112,550,550,41.5,41,label,1,0,1100,-250,black,none
113,601,601,40.5,82,label,1,0,1100,-250,black,none
114,602,602,38.5,93,label,1,0,1100,-250,black,none
115,603,603,28.5,127,label,1,0,1100,-250,black,none
116,604,604,40.5,113,label,1,0,306,-250,black,none
117,605,605,25.5,121,label,1,0,1100,-250,black,none
118,606,606,42.5,95,label,1,0,1100,-250,black,none
119,607,607,18.5,114,label,1,0,1100,-250,black,none
120,609,609,46.5,141,label,1,0,1100,-250,black,none
121,610,610,37.5,137,label,1,0,1100,-250,black,none
122,611,611,37.5,137,label,1,0,306,-250,black,none
123,612,612,35.5,88,label,1,0,195,-250,black,none
124,613,613,31.5,89,label,1,0,1100,-250,black,none
125,614,614,34.5,100,label,1,0,1100,-250,black,none
126,615,615,15.5,105,label,1,0,1100,-250,black,none
127,616,616,10.5,102,label,1,0,216,-250,black,none
128,618,618,11.5,95,label,1,0,1100,-250,black,none
129,619,619,1.5,104,label,1,0,1100,-250,black,none
130,620,620,0.5,112,label,1,0,1100,-250,black,none
131,621,621,10.5,112,label,1,0,1100,-250,black,none
132,622,622,10.5,120,label,1,0,1100,-250,black,none
133,623,623,5.5,122,label,1,0,1100,-250,black,none
134,624,624,23.5,93,label,1,0,1100,-250,black,none
135,626,626,12.5,93,label,1,0,1100,-250,black,none
136,628,628,49.5,123,label,1,0,195,-250,black,none
137,632,632,45.5,148,label,1,0,1100,-250,black,none
138,637,637,40.5,134,label,1,0,1100,-250,black,none
139,650,650,31.5,139,label,1,0,1100,-250,black,none
140,651,651,29.5,142,label,1,0,1100,-250,black,none
141,652,652,18.5,146,label,1,0,1100,-250,black,none
142,653,653,18.5,142,label,1,0,1100,-250,black,none
143,654,654,19.5,137,label,1,0,1100,-250,black,none
144,655,655,22.5,130,label,1,0,1100,-250,black,none
145,656,656,12.5,130,label,1,0,1100,-250,black,none
146,659,659,13.5,123,label,1,0,1100,-250,black,none
147,664,664,2.5,122,label,1,0,1100,-250,black,none
148,670,670,6.5,142,label,1,0,1100,-250,black,none
149,672,672,1.5,127,label,1,0,1100,-250,black,none
150,673,673,3.5,139,label,1,0,1100,-250,black,none
151,675,675,-7.5,159,label,1,0,1100,-250,black,none
152,676,676,-3.5,149,label,1,0,1100,-250,black,none
153,679,679,-4.5,121,label,1,0,1100,-250,black,none
154,682,682,-1.5,129,label,1,0,1100,-250,black,none
155,684,684,-0.5,123,label,1,0,1100,-250,black,none
156,701,701,-6.5,20,label,1,0,1100,-250,black,none
157,702,702,-16.5,46,label,1,0,600,-250,black,none
158,704,704,-2.5,55.5,label,1,0,1100,-250,black,none
159,705,705,-9.5,61.5,label,1,0,1100,-250,black,none
160,707,707,35.5,-1,label,1,0,1100,-250,black,none
161,709,709,3.5,40,label,1,0,1100,-250,black,none
162,712,712,0.5,32,label,1,0,1100,-250,black,none
163,714,714,20.5,-4,label,1,0,1100,-250,black,none
164,715,715,23.5,21,label,1,0,1100,-250,black,none
165,716,716,12.5,35,label,1,0,1100,-250,black,none
166,776,776,37,-2,label,1,0,1100,-250,black,none
167,777,777,27.5,5,label,1,0,1100,-250,black,none
168,778,778,18.5,-9,label,1,0,600,-250,black,none
169,779,779,9.5,22,label,1,0,1100,-250,black,none
170,780,780,13.5,39,label,1,0,600,-250,black,none
171,781,781,-14.5,34,label,1,0,600,-250,black,none
172,782,782,-2.5,11,label,1,0,1100,-250,black,none
173,783,783,-19.5,15,label,1,0,1100,-250,black,none
174,784,784,-31,17.5,label,1,0,1100,-250,black,none
175,800,800,-0.5,132,label,1,0,1100,-250,black,none
176,801,801,-21.5,135,label,1,0,0,-250,black,none
177,802,802,-80.5,84,label,1,0,83,-250,black,none
178,803,803,-68.5,-65,label,1,0,1100,-250,black,none
179,804,804,-75.5,-119,label,1,0,0,-250,black,none
180,805,805,-78.5,-90,label,1,0,1100,-250,black,none
181,806,806,-37.5,174,label,1,0,1100,-250,black,none
182,807,807,-45.5,168,label,1,0,1100,-250,black,none
183,808,808,-9.5,147,label,1,0,1100,-250,black,none
184,809,809,-8.5,156,label,1,0,1100,-250,black,none
185,810,810,-11.5,153,label,1,0,1100,-250,black,none
186,811,811,-60.5,-59,label,1,0,1100,-250,black,none
187,812,812,-59.5,-44,label,1,0,1100,-250,black,none
188,813,813,-41.5,178,label,1,0,1100,-250,black,none
189,814,814,-48.5,172,label,1,0,1100,-250,black,none
190,815,815,-25.5,175,label,1,0,1100,-250,black,none
191,816,816,-70.5,-178,label,1,0,1100,-250,black,none
192,817,817,-8.5,153,label,1,0,1100,-250,black,none
193,818,818,-5.5,152,label,1,0,1100,-250,black,none
194,819,819,-10.5,170,label,1,0,1100,-250,black,none
195,820,820,-15.5,96,label,1,0,1100,-250,black,none
196,821,821,-30.5,158,label,1,0,1100,-250,black,none
197,822,822,-13.5,153,label,1,0,1100,-250,black,none
198,823,823,-38.5,159,label,1,0,1100,-250,black,none
199,824,824,-12.5,160,label,1,0,1100,-250,black,none
200,825,825,-15.5,172,label,1,0,1100,-250,black,none
201,826,826,-15.5,149,label,1,0,1100,-250,black,none
202,833,833,-29.5,161,label,1,0,1100,-250,black,none
203,834,834,-25.5,166.5,label,1,0,1100,-250,black,none
204,840,840,-17.5,155,label,1,0,1100,-250,black,none
205,846,846,-15.5,177,label,1,0,1100,-250,black,none
206,847,847,-21.5,-178,label,1,0,1100,-250,black,none
207,848,848,-24.5,-177,label,1,0,1100,-250,black,none
208,870,870,-33.5,130,label,1,0,1100,-250,black,none
209,871,871,-45.5,147,label,1,0,1100,-250,black,none
210,872,872,-24.5,111,label,1,0,1100,-250,black,none
211,873,873,-17.5,107,label,1,0,1100,-250,black,none
212,875,875,-13.5,120,label,1,0,1100,-250,black,none
213,876,876,-16.5,111,label,1,0,1100,-250,black,none
214,877,877,-12.5,116,label,1,0,1100,-250,black,none
215,888,888,-28.5,96,label,1,0,1100,-250,black,none
216,895,895,-76.5,-52,label,1,0,1100,-250,black,none
217,896,896,-74.5,-84,label,1,0,1100,-250,black,none
218,897,897,-82.5,-121,label,1,0,1100,-250,black,none
219,901,901,7.5,-160,label,1,0,1100,-250,black,none
220,902,902,-18.5,-92,label,1,0,1100,-250,black,none
221,904,904,-62.5,-81,label,1,0,1100,-250,black,none
222,905,905,-44.5,11,label,1,0,59,0,black,none
223,907,907,67.5,-6,label,1,0,1100,-250,black,none
224,908,908,69.5,-9,label,1,0,1100,-250,black,none
225,909,909,9.5,-96,label,1,0,1100,-250,black,none
226,910,910,47.5,-127,label,1,0,1100,-250,black,none
227,912,912,-54.5,-60,label,1,0,1100,-250,black,none
228,913,913,-57.5,-50,label,1,0,1100,-250,black,none
229,930,930,-53.5,-41,label,1,0,1100,-250,black,none
230,931,931,-56.5,-37,label,1,0,1100,-250,black,none
231,932,932,-55.5,-26,label,1,0,1100,-250,black,none
232,940,940,-23.5,-114,label,1,0,1100,-250,black,none
233,944,944,-58.5,-62,label,1,0,1100,-250,black,none
234,985,985,-50.5,74,label,1,0,1100,-250,black,none
235,992,992,-54.5,70,label,1,0,1100,-250,black,none